iter	RMSLEMetric	RMSE
0	4.205774917	4.205774917
1	4.160415738	4.160415738
2	4.115571929	4.115571929
3	4.071140202	4.071140202
4	4.027179119	4.027179119
5	3.983728146	3.983728146
6	3.940651132	3.940651132
7	3.898146265	3.898146265
8	3.855985474	3.855985474
9	3.81431146	3.81431146
10	3.77310386	3.77310386
11	3.732416436	3.732416436
12	3.692162517	3.692162517
13	3.652334757	3.652334757
14	3.612966881	3.612966881
15	3.573937211	3.573937211
16	3.535382796	3.535382796
17	3.497257926	3.497257926
18	3.45948482	3.45948482
19	3.422147673	3.422147673
20	3.385243966	3.385243966
21	3.348725913	3.348725913
22	3.312582442	3.312582442
23	3.276885279	3.276885279
24	3.241539632	3.241539632
25	3.206552945	3.206552945
26	3.172002615	3.172002615
27	3.137772029	3.137772029
28	3.103910762	3.103910762
29	3.070539608	3.070539608
30	3.037384823	3.037384823
31	3.004575613	3.004575613
32	2.972192502	2.972192502
33	2.94014121	2.94014121
34	2.908456658	2.908456658
35	2.87711084	2.87711084
36	2.846139548	2.846139548
37	2.815486339	2.815486339
38	2.78510623	2.78510623
39	2.755114166	2.755114166
40	2.725390325	2.725390325
41	2.695983521	2.695983521
42	2.666924079	2.666924079
43	2.638181134	2.638181134
44	2.609726478	2.609726478
45	2.581567151	2.581567151
46	2.553787712	2.553787712
47	2.526246847	2.526246847
48	2.49905307	2.49905307
49	2.472127411	2.472127411
50	2.445483331	2.445483331
51	2.419154343	2.419154343
52	2.393119245	2.393119245
53	2.367365402	2.367365402
54	2.341859798	2.341859798
55	2.316617607	2.316617607
56	2.291661885	2.291661885
57	2.266968916	2.266968916
58	2.242529227	2.242529227
59	2.218440235	2.218440235
60	2.194588421	2.194588421
61	2.170961361	2.170961361
62	2.147612015	2.147612015
63	2.124508109	2.124508109
64	2.101660988	2.101660988
65	2.079048561	2.079048561
66	2.056650893	2.056650893
67	2.034564864	2.034564864
68	2.012630354	2.012630354
69	1.990976946	1.990976946
70	1.969564088	1.969564088
71	1.948387897	1.948387897
72	1.927425849	1.927425849
73	1.906690405	1.906690405
74	1.886226933	1.886226933
75	1.865954272	1.865954272
76	1.8458779	1.8458779
77	1.826014729	1.826014729
78	1.806360151	1.806360151
79	1.786925848	1.786925848
80	1.76770835	1.76770835
81	1.748732591	1.748732591
82	1.729919501	1.729919501
83	1.711284864	1.711284864
84	1.692875688	1.692875688
85	1.674697683	1.674697683
86	1.656702048	1.656702048
87	1.638863531	1.638863531
88	1.621253756	1.621253756
89	1.60385098	1.60385098
90	1.586598367	1.586598367
91	1.569546873	1.569546873
92	1.55268289	1.55268289
93	1.536023736	1.536023736
94	1.519522043	1.519522043
95	1.503210033	1.503210033
96	1.487076715	1.487076715
97	1.471071888	1.471071888
98	1.455272	1.455272
99	1.439657329	1.439657329
100	1.424218382	1.424218382
101	1.408922637	1.408922637
102	1.393815869	1.393815869
103	1.378833103	1.378833103
104	1.364088719	1.364088719
105	1.34945425	1.34945425
106	1.33496502	1.33496502
107	1.320642342	1.320642342
108	1.306497088	1.306497088
109	1.292496658	1.292496658
110	1.278644013	1.278644013
111	1.264942272	1.264942272
112	1.251333128	1.251333128
113	1.237949827	1.237949827
114	1.22469896	1.22469896
115	1.211553333	1.211553333
116	1.198578889	1.198578889
117	1.185727849	1.185727849
118	1.17301203	1.17301203
119	1.160427388	1.160427388
120	1.147980205	1.147980205
121	1.135701189	1.135701189
122	1.123537672	1.123537672
123	1.111518044	1.111518044
124	1.099633705	1.099633705
125	1.087873942	1.087873942
126	1.076220815	1.076220815
127	1.064691242	1.064691242
128	1.053310172	1.053310172
129	1.04204648	1.04204648
130	1.030889903	1.030889903
131	1.019878347	1.019878347
132	1.008965296	1.008965296
133	0.9981928848	0.9981928848
134	0.9875459856	0.9875459856
135	0.9769871707	0.9769871707
136	0.9665291189	0.9665291189
137	0.9562189609	0.9562189609
138	0.9459972972	0.9459972972
139	0.9358820623	0.9358820623
140	0.9258998452	0.9258998452
141	0.916034665	0.916034665
142	0.9062492685	0.9062492685
143	0.8965860233	0.8965860233
144	0.8870346749	0.8870346749
145	0.8775727061	0.8775727061
146	0.8682006936	0.8682006936
147	0.8589550964	0.8589550964
148	0.8497925744	0.8497925744
149	0.8407115051	0.8407115051
150	0.8317507623	0.8317507623
151	0.8229042959	0.8229042959
152	0.8141342952	0.8141342952
153	0.8055071437	0.8055071437
154	0.7969291914	0.7969291914
155	0.7884683387	0.7884683387
156	0.7800601796	0.7800601796
157	0.7717462511	0.7717462511
158	0.763572927	0.763572927
159	0.7554659452	0.7554659452
160	0.7474247395	0.7474247395
161	0.7394778858	0.7394778858
162	0.7316164843	0.7316164843
163	0.723851075	0.723851075
164	0.7161620125	0.7161620125
165	0.7085540481	0.7085540481
166	0.7010366838	0.7010366838
167	0.6936084978	0.6936084978
168	0.6862442158	0.6862442158
169	0.678975254	0.678975254
170	0.6717746577	0.6717746577
171	0.6646443748	0.6646443748
172	0.6576104707	0.6576104707
173	0.6506576997	0.6506576997
174	0.6437632807	0.6437632807
175	0.6369717217	0.6369717217
176	0.6302371515	0.6302371515
177	0.6235726104	0.6235726104
178	0.6169902228	0.6169902228
179	0.6104968842	0.6104968842
180	0.6040617178	0.6040617178
181	0.5976892745	0.5976892745
182	0.5913599727	0.5913599727
183	0.5851091554	0.5851091554
184	0.578930021	0.578930021
185	0.5728428019	0.5728428019
186	0.5667808365	0.5667808365
187	0.5607973636	0.5607973636
188	0.554880239	0.554880239
189	0.5490513587	0.5490513587
190	0.5432768192	0.5432768192
191	0.5375586792	0.5375586792
192	0.5318990585	0.5318990585
193	0.5263155838	0.5263155838
194	0.5207748328	0.5207748328
195	0.5153218214	0.5153218214
196	0.5099192422	0.5099192422
197	0.5045581581	0.5045581581
198	0.4992556643	0.4992556643
199	0.494020104	0.494020104
200	0.4888455738	0.4888455738
201	0.4837215526	0.4837215526
202	0.4786645909	0.4786645909
203	0.4736595469	0.4736595469
204	0.4687077082	0.4687077082
205	0.4638032307	0.4638032307
206	0.458951094	0.458951094
207	0.4541539848	0.4541539848
208	0.4494213385	0.4494213385
209	0.4447392191	0.4447392191
210	0.4401025293	0.4401025293
211	0.4355249787	0.4355249787
212	0.4309937344	0.4309937344
213	0.4265071159	0.4265071159
214	0.4220747983	0.4220747983
215	0.4177118723	0.4177118723
216	0.4133740859	0.4133740859
217	0.4090826735	0.4090826735
218	0.4048420318	0.4048420318
219	0.4006407865	0.4006407865
220	0.3965116724	0.3965116724
221	0.3924246253	0.3924246253
222	0.3883652562	0.3883652562
223	0.3843535844	0.3843535844
224	0.3803877567	0.3803877567
225	0.3764926188	0.3764926188
226	0.3726246956	0.3726246956
227	0.3687821898	0.3687821898
228	0.3650148521	0.3650148521
229	0.3612617938	0.3612617938
230	0.3575592248	0.3575592248
231	0.3538758058	0.3538758058
232	0.3502406304	0.3502406304
233	0.3466493373	0.3466493373
234	0.34308682	0.34308682
235	0.3395928726	0.3395928726
236	0.3361274465	0.3361274465
237	0.3327020623	0.3327020623
238	0.329312099	0.329312099
239	0.3259634694	0.3259634694
240	0.3226520765	0.3226520765
241	0.3193662262	0.3193662262
242	0.3161539496	0.3161539496
243	0.3129608915	0.3129608915
244	0.3097958055	0.3097958055
245	0.3066595623	0.3066595623
246	0.3035585437	0.3035585437
247	0.3004953392	0.3004953392
248	0.2974602228	0.2974602228
249	0.2944697348	0.2944697348
250	0.2915129563	0.2915129563
251	0.2885890548	0.2885890548
252	0.28570008	0.28570008
253	0.2828530787	0.2828530787
254	0.2800263081	0.2800263081
255	0.2772302171	0.2772302171
256	0.274464843	0.274464843
257	0.2717305085	0.2717305085
258	0.2690254021	0.2690254021
259	0.2663609917	0.2663609917
260	0.263717311	0.263717311
261	0.2611069413	0.2611069413
262	0.2585305773	0.2585305773
263	0.2559955456	0.2559955456
264	0.2534754474	0.2534754474
265	0.2509734771	0.2509734771
266	0.2485144467	0.2485144467
267	0.2460720564	0.2460720564
268	0.243673583	0.243673583
269	0.2412955946	0.2412955946
270	0.2389418956	0.2389418956
271	0.2366158491	0.2366158491
272	0.2343172906	0.2343172906
273	0.2320513191	0.2320513191
274	0.2298049185	0.2298049185
275	0.227587125	0.227587125
276	0.2254056269	0.2254056269
277	0.2232395443	0.2232395443
278	0.2211169849	0.2211169849
279	0.2190042104	0.2190042104
280	0.2169174601	0.2169174601
281	0.2148476663	0.2148476663
282	0.212817457	0.212817457
283	0.2108040211	0.2108040211
284	0.2088109111	0.2088109111
285	0.2068385504	0.2068385504
286	0.2049051216	0.2049051216
287	0.2029836931	0.2029836931
288	0.2010749368	0.2010749368
289	0.1991960512	0.1991960512
290	0.1973461829	0.1973461829
291	0.195506137	0.195506137
292	0.1937005513	0.1937005513
293	0.1919242578	0.1919242578
294	0.1901610526	0.1901610526
295	0.1884137886	0.1884137886
296	0.1866923035	0.1866923035
297	0.1849826023	0.1849826023
298	0.1833186939	0.1833186939
299	0.1816486062	0.1816486062
300	0.1800006299	0.1800006299
301	0.1783780969	0.1783780969
302	0.1767770272	0.1767770272
303	0.1751984608	0.1751984608
304	0.173628851	0.173628851
305	0.1720904202	0.1720904202
306	0.1705644749	0.1705644749
307	0.1690626189	0.1690626189
308	0.1675737621	0.1675737621
309	0.166100529	0.166100529
310	0.1646446196	0.1646446196
311	0.1632128911	0.1632128911
312	0.1617998148	0.1617998148
313	0.1604063023	0.1604063023
314	0.1590264007	0.1590264007
315	0.1576608992	0.1576608992
316	0.1563182624	0.1563182624
317	0.1549947548	0.1549947548
318	0.1536943191	0.1536943191
319	0.1523932483	0.1523932483
320	0.1511043864	0.1511043864
321	0.1498460536	0.1498460536
322	0.1486050471	0.1486050471
323	0.1473730748	0.1473730748
324	0.1461630932	0.1461630932
325	0.1449634941	0.1449634941
326	0.1437879827	0.1437879827
327	0.1426251946	0.1426251946
328	0.141475946	0.141475946
329	0.1403398306	0.1403398306
330	0.139220325	0.139220325
331	0.1381100963	0.1381100963
332	0.1370117068	0.1370117068
333	0.1359446115	0.1359446115
334	0.1348762731	0.1348762731
335	0.1338227609	0.1338227609
336	0.1327901783	0.1327901783
337	0.1317647684	0.1317647684
338	0.1307444621	0.1307444621
339	0.1297481816	0.1297481816
340	0.1287625085	0.1287625085
341	0.1277962835	0.1277962835
342	0.1268346168	0.1268346168
343	0.1258910846	0.1258910846
344	0.1249686384	0.1249686384
345	0.1240501748	0.1240501748
346	0.1231441405	0.1231441405
347	0.1222456602	0.1222456602
348	0.1213545574	0.1213545574
349	0.1204889589	0.1204889589
350	0.1196291757	0.1196291757
351	0.1187823372	0.1187823372
352	0.1179491484	0.1179491484
353	0.117123346	0.117123346
354	0.1163220202	0.1163220202
355	0.1155181382	0.1155181382
356	0.1147252666	0.1147252666
357	0.1139519445	0.1139519445
358	0.1131791207	0.1131791207
359	0.112420056	0.112420056
360	0.1116738373	0.1116738373
361	0.1109373614	0.1109373614
362	0.1102127008	0.1102127008
363	0.1094966437	0.1094966437
364	0.108791419	0.108791419
365	0.1081015886	0.1081015886
366	0.1074148731	0.1074148731
367	0.1067409852	0.1067409852
368	0.1060681842	0.1060681842
369	0.1054108679	0.1054108679
370	0.1047646969	0.1047646969
371	0.1041216249	0.1041216249
372	0.1034892423	0.1034892423
373	0.1028725629	0.1028725629
374	0.1022591476	0.1022591476
375	0.1016564544	0.1016564544
376	0.1010590689	0.1010590689
377	0.1004697744	0.1004697744
378	0.09990235441	0.09990235441
379	0.09933113534	0.09933113534
380	0.09877574283	0.09877574283
381	0.09822617796	0.09822617796
382	0.09768437524	0.09768437524
383	0.0971505128	0.0971505128
384	0.09662415617	0.09662415617
385	0.09610702881	0.09610702881
386	0.09559140702	0.09559140702
387	0.0950903983	0.0950903983
388	0.09459668275	0.09459668275
389	0.09410290321	0.09410290321
390	0.09361910475	0.09361910475
391	0.0931472734	0.0931472734
392	0.09268220373	0.09268220373
393	0.09221778041	0.09221778041
394	0.09176544124	0.09176544124
395	0.09132669826	0.09132669826
396	0.09088658017	0.09088658017
397	0.09045880054	0.09045880054
398	0.09003387004	0.09003387004
399	0.08961907789	0.08961907789
400	0.08920599221	0.08920599221
401	0.08880014215	0.08880014215
402	0.08839356501	0.08839356501
403	0.08800553546	0.08800553546
404	0.08762259159	0.08762259159
405	0.08724809328	0.08724809328
406	0.08687685682	0.08687685682
407	0.08650492761	0.08650492761
408	0.08614199816	0.08614199816
409	0.08578450357	0.08578450357
410	0.08543452689	0.08543452689
411	0.08508615538	0.08508615538
412	0.0847458756	0.0847458756
413	0.08441014458	0.08441014458
414	0.08407731423	0.08407731423
415	0.0837507423	0.0837507423
416	0.08343683191	0.08343683191
417	0.08311543445	0.08311543445
418	0.08280865385	0.08280865385
419	0.08250514513	0.08250514513
420	0.08220423454	0.08220423454
421	0.08190411397	0.08190411397
422	0.08161226328	0.08161226328
423	0.08132870742	0.08132870742
424	0.08104516454	0.08104516454
425	0.08077072336	0.08077072336
426	0.08050086905	0.08050086905
427	0.08023374173	0.08023374173
428	0.07996873799	0.07996873799
429	0.07971155638	0.07971155638
430	0.07945679939	0.07945679939
431	0.07919717679	0.07919717679
432	0.07894956082	0.07894956082
433	0.07870457949	0.07870457949
434	0.07847113792	0.07847113792
435	0.07823955812	0.07823955812
436	0.07800800762	0.07800800762
437	0.07777441652	0.07777441652
438	0.07754825748	0.07754825748
439	0.0773313401	0.0773313401
440	0.07711083253	0.07711083253
441	0.07689039049	0.07689039049
442	0.07667943548	0.07667943548
443	0.07646983414	0.07646983414
444	0.07626261253	0.07626261253
445	0.07606100386	0.07606100386
446	0.07585915805	0.07585915805
447	0.07566426217	0.07566426217
448	0.07547048174	0.07547048174
449	0.07528441538	0.07528441538
450	0.07510802832	0.07510802832
451	0.07492127144	0.07492127144
452	0.07473823264	0.07473823264
453	0.07456212497	0.07456212497
454	0.07438917862	0.07438917862
455	0.07421930123	0.07421930123
456	0.07404635692	0.07404635692
457	0.07388264181	0.07388264181
458	0.07372139391	0.07372139391
459	0.07355829727	0.07355829727
460	0.07339797111	0.07339797111
461	0.07324919033	0.07324919033
462	0.07309707803	0.07309707803
463	0.07294487098	0.07294487098
464	0.07279291518	0.07279291518
465	0.07265334078	0.07265334078
466	0.07251299551	0.07251299551
467	0.07237114162	0.07237114162
468	0.0722361129	0.0722361129
469	0.07209557293	0.07209557293
470	0.07195799065	0.07195799065
471	0.07182729169	0.07182729169
472	0.0716946949	0.0716946949
473	0.07156815581	0.07156815581
474	0.07144611274	0.07144611274
475	0.07132531114	0.07132531114
476	0.0712008274	0.0712008274
477	0.07107233349	0.07107233349
478	0.07095633628	0.07095633628
479	0.07083355313	0.07083355313
480	0.0707272037	0.0707272037
481	0.07061735581	0.07061735581
482	0.07050528329	0.07050528329
483	0.07039669304	0.07039669304
484	0.07029240731	0.07029240731
485	0.07018392321	0.07018392321
486	0.07008603764	0.07008603764
487	0.06998034794	0.06998034794
488	0.06988296195	0.06988296195
489	0.06978250273	0.06978250273
490	0.06968337954	0.06968337954
491	0.06958484502	0.06958484502
492	0.0694839393	0.0694839393
493	0.06939457326	0.06939457326
494	0.06930507699	0.06930507699
495	0.06921490903	0.06921490903
496	0.06912516584	0.06912516584
497	0.06903586285	0.06903586285
498	0.06894979587	0.06894979587
499	0.06886421431	0.06886421431
500	0.0687736112	0.0687736112
501	0.06869162839	0.06869162839
502	0.06860840449	0.06860840449
503	0.06852673645	0.06852673645
504	0.06844574232	0.06844574232
505	0.06837195731	0.06837195731
506	0.06830060107	0.06830060107
507	0.06822236474	0.06822236474
508	0.06814455884	0.06814455884
509	0.06807230199	0.06807230199
510	0.06799573248	0.06799573248
511	0.06791844816	0.06791844816
512	0.06784804419	0.06784804419
513	0.06777944548	0.06777944548
514	0.06770784444	0.06770784444
515	0.06764066532	0.06764066532
516	0.06757123897	0.06757123897
517	0.06749878488	0.06749878488
518	0.06743180736	0.06743180736
519	0.06736978739	0.06736978739
520	0.06730767899	0.06730767899
521	0.06724163746	0.06724163746
522	0.06718197457	0.06718197457
523	0.06711859538	0.06711859538
524	0.06706259016	0.06706259016
525	0.06699895011	0.06699895011
526	0.06694479998	0.06694479998
527	0.06688319955	0.06688319955
528	0.06682689697	0.06682689697
529	0.06677166705	0.06677166705
530	0.06672009176	0.06672009176
531	0.06666565452	0.06666565452
532	0.06661445797	0.06661445797
533	0.06655651758	0.06655651758
534	0.06650583102	0.06650583102
535	0.06645600366	0.06645600366
536	0.06640485886	0.06640485886
537	0.06635445576	0.06635445576
538	0.0663050213	0.0663050213
539	0.06625698173	0.06625698173
540	0.06621044533	0.06621044533
541	0.0661627905	0.0661627905
542	0.06611936528	0.06611936528
543	0.06607253694	0.06607253694
544	0.06602604411	0.06602604411
545	0.06598407766	0.06598407766
546	0.0659417189	0.0659417189
547	0.06589707938	0.06589707938
548	0.06585136715	0.06585136715
549	0.06580644994	0.06580644994
550	0.06576340252	0.06576340252
551	0.06572531561	0.06572531561
552	0.06568491521	0.06568491521
553	0.06564089178	0.06564089178
554	0.06559943628	0.06559943628
555	0.06555719085	0.06555719085
556	0.0655167645	0.0655167645
557	0.06547556822	0.06547556822
558	0.06543442538	0.06543442538
559	0.06540047853	0.06540047853
560	0.06536455055	0.06536455055
561	0.06532836831	0.06532836831
562	0.06529396693	0.06529396693
563	0.06525982362	0.06525982362
564	0.0652256667	0.0652256667
565	0.06519249378	0.06519249378
566	0.06515678107	0.06515678107
567	0.06512489787	0.06512489787
568	0.06509328664	0.06509328664
569	0.06505494698	0.06505494698
570	0.06502138564	0.06502138564
571	0.06498415531	0.06498415531
572	0.0649500055	0.0649500055
573	0.06491647421	0.06491647421
574	0.06488405542	0.06488405542
575	0.06485028658	0.06485028658
576	0.06481992875	0.06481992875
577	0.06478691047	0.06478691047
578	0.06475843633	0.06475843633
579	0.06472764988	0.06472764988
580	0.06470073	0.06470073
581	0.06467074928	0.06467074928
582	0.06464281088	0.06464281088
583	0.06461608949	0.06461608949
584	0.06458624631	0.06458624631
585	0.06456009468	0.06456009468
586	0.06453319081	0.06453319081
587	0.06450692212	0.06450692212
588	0.06448158317	0.06448158317
589	0.06445427774	0.06445427774
590	0.06442827541	0.06442827541
591	0.06440206353	0.06440206353
592	0.06437203451	0.06437203451
593	0.0643485772	0.0643485772
594	0.06432271821	0.06432271821
595	0.06429412505	0.06429412505
596	0.06427219711	0.06427219711
597	0.06424606902	0.06424606902
598	0.0642238534	0.0642238534
599	0.06419918358	0.06419918358
600	0.06417238642	0.06417238642
601	0.06414670652	0.06414670652
602	0.06412201662	0.06412201662
603	0.06409857709	0.06409857709
604	0.06407573715	0.06407573715
605	0.0640499432	0.0640499432
606	0.06402367213	0.06402367213
607	0.06399752619	0.06399752619
608	0.06397100325	0.06397100325
609	0.0639503204	0.0639503204
610	0.06392825293	0.06392825293
611	0.06390388874	0.06390388874
612	0.0638806597	0.0638806597
613	0.06385636464	0.06385636464
614	0.06383068898	0.06383068898
615	0.06380699949	0.06380699949
616	0.06379134512	0.06379134512
617	0.06376771786	0.06376771786
618	0.0637476445	0.0637476445
619	0.06372811689	0.06372811689
620	0.06370508366	0.06370508366
621	0.06368887729	0.06368887729
622	0.06366850404	0.06366850404
623	0.06364998855	0.06364998855
624	0.06362749972	0.06362749972
625	0.06360854981	0.06360854981
626	0.06358960055	0.06358960055
627	0.06356702154	0.06356702154
628	0.06355011874	0.06355011874
629	0.06353075726	0.06353075726
630	0.06351084682	0.06351084682
631	0.06348988276	0.06348988276
632	0.06346979601	0.06346979601
633	0.06345222177	0.06345222177
634	0.06343382112	0.06343382112
635	0.06341742045	0.06341742045
636	0.06340062161	0.06340062161
637	0.06338306955	0.06338306955
638	0.06336102741	0.06336102741
639	0.06334583614	0.06334583614
640	0.06332762501	0.06332762501
641	0.06330973905	0.06330973905
642	0.06329162774	0.06329162774
643	0.06327652125	0.06327652125
644	0.06325669013	0.06325669013
645	0.06323914067	0.06323914067
646	0.06321888177	0.06321888177
647	0.06320147737	0.06320147737
648	0.0631863672	0.0631863672
649	0.06316904878	0.06316904878
650	0.06315251083	0.06315251083
651	0.06313507645	0.06313507645
652	0.0631188701	0.0631188701
653	0.06310196858	0.06310196858
654	0.0630860667	0.0630860667
655	0.06306974923	0.06306974923
656	0.06305216496	0.06305216496
657	0.0630375495	0.0630375495
658	0.06302187614	0.06302187614
659	0.06300764085	0.06300764085
660	0.06299249842	0.06299249842
661	0.06297747444	0.06297747444
662	0.06296360019	0.06296360019
663	0.06294790006	0.06294790006
664	0.06293249654	0.06293249654
665	0.06291453367	0.06291453367
666	0.06290019335	0.06290019335
667	0.06288638135	0.06288638135
668	0.0628719892	0.0628719892
669	0.06285686383	0.06285686383
670	0.06284192096	0.06284192096
671	0.06282874656	0.06282874656
672	0.06281322926	0.06281322926
673	0.06279929328	0.06279929328
674	0.06278614194	0.06278614194
675	0.06277090741	0.06277090741
676	0.0627556548	0.0627556548
677	0.06274303553	0.06274303553
678	0.0627264298	0.0627264298
679	0.06271047216	0.06271047216
680	0.06269460033	0.06269460033
681	0.06268150447	0.06268150447
682	0.06266882638	0.06266882638
683	0.06265479376	0.06265479376
684	0.0626401723	0.0626401723
685	0.06262605825	0.06262605825
686	0.06261241417	0.06261241417
687	0.06259934793	0.06259934793
688	0.06258449417	0.06258449417
689	0.06256910794	0.06256910794
690	0.06255464762	0.06255464762
691	0.06254482298	0.06254482298
692	0.06253084077	0.06253084077
693	0.06251671135	0.06251671135
694	0.06250440821	0.06250440821
695	0.06249186069	0.06249186069
696	0.06247787393	0.06247787393
697	0.06246417755	0.06246417755
698	0.06245321294	0.06245321294
699	0.06244293315	0.06244293315
700	0.06243249307	0.06243249307
701	0.06242122605	0.06242122605
702	0.06240875884	0.06240875884
703	0.06239624306	0.06239624306
704	0.06238130168	0.06238130168
705	0.06236888612	0.06236888612
706	0.06235633813	0.06235633813
707	0.06234125732	0.06234125732
708	0.06233018291	0.06233018291
709	0.062320712	0.062320712
710	0.06230820605	0.06230820605
711	0.06229480752	0.06229480752
712	0.0622881999	0.0622881999
713	0.06227587292	0.06227587292
714	0.06226499745	0.06226499745
715	0.06225348899	0.06225348899
716	0.06224069376	0.06224069376
717	0.06223219518	0.06223219518
718	0.06222176403	0.06222176403
719	0.06221161886	0.06221161886
720	0.06219930133	0.06219930133
721	0.0621883976	0.0621883976
722	0.06217402033	0.06217402033
723	0.0621626157	0.0621626157
724	0.06215219915	0.06215219915
725	0.06214323805	0.06214323805
726	0.06213164052	0.06213164052
727	0.06211996763	0.06211996763
728	0.06210884206	0.06210884206
729	0.06209724064	0.06209724064
730	0.06208731565	0.06208731565
731	0.06207557698	0.06207557698
732	0.06206350785	0.06206350785
733	0.06205208987	0.06205208987
734	0.06204162562	0.06204162562
735	0.06202957134	0.06202957134
736	0.06201804968	0.06201804968
737	0.06200771019	0.06200771019
738	0.0619947713	0.0619947713
739	0.06198612032	0.06198612032
740	0.06197430349	0.06197430349
741	0.06196450359	0.06196450359
742	0.06195265722	0.06195265722
743	0.06194146059	0.06194146059
744	0.06193102028	0.06193102028
745	0.06191942477	0.06191942477
746	0.06190917305	0.06190917305
747	0.06190005802	0.06190005802
748	0.06189242659	0.06189242659
749	0.06188430463	0.06188430463
750	0.06187507489	0.06187507489
751	0.06186297597	0.06186297597
752	0.06185140433	0.06185140433
753	0.06184233553	0.06184233553
754	0.0618340704	0.0618340704
755	0.06182238658	0.06182238658
756	0.06181375362	0.06181375362
757	0.06180608652	0.06180608652
758	0.06179476883	0.06179476883
759	0.06178584871	0.06178584871
760	0.06177591442	0.06177591442
761	0.06176526949	0.06176526949
762	0.0617560929	0.0617560929
763	0.06174672539	0.06174672539
764	0.06173586705	0.06173586705
765	0.06172548368	0.06172548368
766	0.0617193457	0.0617193457
767	0.06170754096	0.06170754096
768	0.06169806745	0.06169806745
769	0.06168964622	0.06168964622
770	0.06168015183	0.06168015183
771	0.06167099788	0.06167099788
772	0.06165997666	0.06165997666
773	0.06164817907	0.06164817907
774	0.06163943933	0.06163943933
775	0.06163086279	0.06163086279
776	0.06162187288	0.06162187288
777	0.06161188866	0.06161188866
778	0.06160287899	0.06160287899
779	0.06159455534	0.06159455534
780	0.06158806517	0.06158806517
781	0.06157884251	0.06157884251
782	0.06156918504	0.06156918504
783	0.06155959591	0.06155959591
784	0.06155207647	0.06155207647
785	0.06154286745	0.06154286745
786	0.06153269042	0.06153269042
787	0.06152420816	0.06152420816
788	0.06151570894	0.06151570894
789	0.06150797525	0.06150797525
790	0.06149997382	0.06149997382
791	0.06148857465	0.06148857465
792	0.06148064389	0.06148064389
793	0.06147212293	0.06147212293
794	0.06146058236	0.06146058236
795	0.06145024369	0.06145024369
796	0.06144044434	0.06144044434
797	0.06143222488	0.06143222488
798	0.0614228799	0.0614228799
799	0.06141484319	0.06141484319
800	0.06140659681	0.06140659681
801	0.06139793737	0.06139793737
802	0.06138813671	0.06138813671
803	0.06138053189	0.06138053189
804	0.06137105817	0.06137105817
805	0.06136104562	0.06136104562
806	0.0613547516	0.0613547516
807	0.06134429602	0.06134429602
808	0.06133708481	0.06133708481
809	0.06132951686	0.06132951686
810	0.0613192084	0.0613192084
811	0.06131068092	0.06131068092
812	0.06130081188	0.06130081188
813	0.06129093116	0.06129093116
814	0.06128249632	0.06128249632
815	0.06127307555	0.06127307555
816	0.06126361397	0.06126361397
817	0.061254846	0.061254846
818	0.06124576894	0.06124576894
819	0.06123710315	0.06123710315
820	0.06122879955	0.06122879955
821	0.06122000973	0.06122000973
822	0.0612104155	0.0612104155
823	0.06120240997	0.06120240997
824	0.06119307066	0.06119307066
825	0.06118492119	0.06118492119
826	0.06117867624	0.06117867624
827	0.06116857077	0.06116857077
828	0.06116012087	0.06116012087
829	0.06115510141	0.06115510141
830	0.06114716427	0.06114716427
831	0.06113948015	0.06113948015
832	0.06113540465	0.06113540465
833	0.06113035178	0.06113035178
834	0.06112203572	0.06112203572
835	0.06111351354	0.06111351354
836	0.06110592501	0.06110592501
837	0.06109670731	0.06109670731
838	0.06109007863	0.06109007863
839	0.06108147118	0.06108147118
840	0.06107340169	0.06107340169
841	0.06106530511	0.06106530511
842	0.06105867801	0.06105867801
843	0.06105306507	0.06105306507
844	0.06104629162	0.06104629162
845	0.06103801376	0.06103801376
846	0.06102836008	0.06102836008
847	0.06102035213	0.06102035213
848	0.0610132292	0.0610132292
849	0.06100443315	0.06100443315
850	0.06099581032	0.06099581032
851	0.0609885772	0.0609885772
852	0.06098210808	0.06098210808
853	0.06097618973	0.06097618973
854	0.06096694091	0.06096694091
855	0.06095837857	0.06095837857
856	0.06095129427	0.06095129427
857	0.06094408331	0.06094408331
858	0.06093510404	0.06093510404
859	0.06092916299	0.06092916299
860	0.06092200016	0.06092200016
861	0.06091390089	0.06091390089
862	0.06090725738	0.06090725738
863	0.06090133973	0.06090133973
864	0.06089641072	0.06089641072
865	0.06088979911	0.06088979911
866	0.06088172343	0.06088172343
867	0.06087438712	0.06087438712
868	0.0608678908	0.0608678908
869	0.06085942223	0.06085942223
870	0.0608517814	0.0608517814
871	0.0608448373	0.0608448373
872	0.06083830757	0.06083830757
873	0.0608300639	0.0608300639
874	0.06082384219	0.06082384219
875	0.06081877912	0.06081877912
876	0.0608113006	0.0608113006
877	0.06080476927	0.06080476927
878	0.06079784174	0.06079784174
879	0.06079130969	0.06079130969
880	0.06078335395	0.06078335395
881	0.06077776731	0.06077776731
882	0.06077132369	0.06077132369
883	0.06076519914	0.06076519914
884	0.06075876319	0.06075876319
885	0.06075229513	0.06075229513
886	0.06074581491	0.06074581491
887	0.06073960449	0.06073960449
888	0.06073303235	0.06073303235
889	0.06072732498	0.06072732498
890	0.06072029243	0.06072029243
891	0.06071457611	0.06071457611
892	0.06070715781	0.06070715781
893	0.06070181543	0.06070181543
894	0.06069745503	0.06069745503
895	0.06068968993	0.06068968993
896	0.06068420891	0.06068420891
897	0.06067743762	0.06067743762
898	0.06067243762	0.06067243762
899	0.06066779878	0.06066779878
900	0.06066280473	0.06066280473
901	0.06065625842	0.06065625842
902	0.06065093611	0.06065093611
903	0.06064517779	0.06064517779
904	0.06063910138	0.06063910138
905	0.06063402291	0.06063402291
906	0.06062800512	0.06062800512
907	0.06062263407	0.06062263407
908	0.06061727248	0.06061727248
909	0.06061089431	0.06061089431
910	0.06060311416	0.06060311416
911	0.06059732103	0.06059732103
912	0.06059374343	0.06059374343
913	0.06058991489	0.06058991489
914	0.06058223242	0.06058223242
915	0.06057572115	0.06057572115
916	0.06056970507	0.06056970507
917	0.06056347977	0.06056347977
918	0.06055842707	0.06055842707
919	0.06055259625	0.06055259625
920	0.06054621262	0.06054621262
921	0.06054126092	0.06054126092
922	0.06053617763	0.06053617763
923	0.06053141119	0.06053141119
924	0.06052545228	0.06052545228
925	0.06051913541	0.06051913541
926	0.06051230244	0.06051230244
927	0.0605070079	0.0605070079
928	0.06050159859	0.06050159859
929	0.06049579502	0.06049579502
930	0.0604890785	0.0604890785
931	0.06048378675	0.06048378675
932	0.06047740296	0.06047740296
933	0.060471235	0.060471235
934	0.06046638039	0.06046638039
935	0.06046170096	0.06046170096
936	0.06045467413	0.06045467413
937	0.0604490524	0.0604490524
938	0.06044319947	0.06044319947
939	0.06043723556	0.06043723556
940	0.06043129179	0.06043129179
941	0.06042563153	0.06042563153
942	0.06041824365	0.06041824365
943	0.0604133845	0.0604133845
944	0.06040693727	0.06040693727
945	0.06040240228	0.06040240228
946	0.06039890079	0.06039890079
947	0.06039351592	0.06039351592
948	0.06038792331	0.06038792331
949	0.06038293345	0.06038293345
950	0.06037770363	0.06037770363
951	0.06037399572	0.06037399572
952	0.06036798161	0.06036798161
953	0.06036272568	0.06036272568
954	0.06035752559	0.06035752559
955	0.06035175009	0.06035175009
956	0.06034653637	0.06034653637
957	0.06034029126	0.06034029126
958	0.06033528187	0.06033528187
959	0.06033054328	0.06033054328
960	0.06032647409	0.06032647409
961	0.06032209549	0.06032209549
962	0.06031723585	0.06031723585
963	0.06031251075	0.06031251075
964	0.06030713894	0.06030713894
965	0.06030139439	0.06030139439
966	0.0602954322	0.0602954322
967	0.06029027318	0.06029027318
968	0.06028453829	0.06028453829
969	0.06027901523	0.06027901523
970	0.0602718558	0.0602718558
971	0.06026681185	0.06026681185
972	0.06026276152	0.06026276152
973	0.06025784609	0.06025784609
974	0.06025049319	0.06025049319
975	0.06024419518	0.06024419518
976	0.06023898428	0.06023898428
977	0.0602338867	0.0602338867
978	0.06022919219	0.06022919219
979	0.06022400067	0.06022400067
980	0.06021941379	0.06021941379
981	0.06021471242	0.06021471242
982	0.06021059787	0.06021059787
983	0.06020516505	0.06020516505
984	0.06020076426	0.06020076426
985	0.06019606277	0.06019606277
986	0.06019114317	0.06019114317
987	0.06018568731	0.06018568731
988	0.06018025714	0.06018025714
989	0.06017529079	0.06017529079
990	0.06016933639	0.06016933639
991	0.06016532507	0.06016532507
992	0.06015925132	0.06015925132
993	0.06015388621	0.06015388621
994	0.06014942315	0.06014942315
995	0.06014433314	0.06014433314
996	0.06013976342	0.06013976342
997	0.06013472484	0.06013472484
998	0.06012871099	0.06012871099
999	0.06012440957	0.06012440957
1000	0.06011825966	0.06011825966
1001	0.06011333515	0.06011333515
1002	0.06010811942	0.06010811942
1003	0.06010284771	0.06010284771
1004	0.06009952459	0.06009952459
1005	0.06009427874	0.06009427874
1006	0.06008996727	0.06008996727
1007	0.06008551807	0.06008551807
1008	0.06008051331	0.06008051331
1009	0.06007506741	0.06007506741
1010	0.06006996661	0.06006996661
1011	0.06006617134	0.06006617134
1012	0.06006049757	0.06006049757
1013	0.06005546327	0.06005546327
1014	0.06005134873	0.06005134873
1015	0.06004813856	0.06004813856
1016	0.06004278822	0.06004278822
1017	0.0600378127	0.0600378127
1018	0.0600320006	0.0600320006
1019	0.06002851506	0.06002851506
1020	0.06002468364	0.06002468364
1021	0.06002090077	0.06002090077
1022	0.06001650511	0.06001650511
1023	0.06001187813	0.06001187813
1024	0.06000756986	0.06000756986
1025	0.06000284388	0.06000284388
1026	0.05999907135	0.05999907135
1027	0.05999485543	0.05999485543
1028	0.05998943432	0.05998943432
1029	0.05998443866	0.05998443866
1030	0.05997998969	0.05997998969
1031	0.05997495759	0.05997495759
1032	0.05996987059	0.05996987059
1033	0.05996519747	0.05996519747
1034	0.05996046679	0.05996046679
1035	0.0599575961	0.0599575961
1036	0.05995467535	0.05995467535
1037	0.05995064288	0.05995064288
1038	0.05994719647	0.05994719647
1039	0.05994268232	0.05994268232
1040	0.05993897006	0.05993897006
1041	0.05993294628	0.05993294628
1042	0.05992860337	0.05992860337
1043	0.05992471206	0.05992471206
1044	0.05992095886	0.05992095886
1045	0.05991569393	0.05991569393
1046	0.05991316993	0.05991316993
1047	0.05990945512	0.05990945512
1048	0.0599050557	0.0599050557
1049	0.05990128489	0.05990128489
1050	0.05989655407	0.05989655407
1051	0.05989156267	0.05989156267
1052	0.05988874957	0.05988874957
1053	0.05988448209	0.05988448209
1054	0.0598813023	0.0598813023
1055	0.0598764029	0.0598764029
1056	0.05987264441	0.05987264441
1057	0.05986862006	0.05986862006
1058	0.05986380021	0.05986380021
1059	0.0598593272	0.0598593272
1060	0.05985614275	0.05985614275
1061	0.05985266639	0.05985266639
1062	0.05984899638	0.05984899638
1063	0.05984657667	0.05984657667
1064	0.05984331759	0.05984331759
1065	0.0598386556	0.0598386556
1066	0.05983320576	0.05983320576
1067	0.0598296638	0.0598296638
1068	0.05982463064	0.05982463064
1069	0.05982156958	0.05982156958
1070	0.0598173545	0.0598173545
1071	0.05981352741	0.05981352741
1072	0.05981010415	0.05981010415
1073	0.05980624122	0.05980624122
1074	0.05980121466	0.05980121466
1075	0.05979736644	0.05979736644
1076	0.05979410796	0.05979410796
1077	0.05978865806	0.05978865806
1078	0.05978562658	0.05978562658
1079	0.05978189176	0.05978189176
1080	0.05977676729	0.05977676729
1081	0.05977395452	0.05977395452
1082	0.05976990967	0.05976990967
1083	0.05976475454	0.05976475454
1084	0.05976015026	0.05976015026
1085	0.05975623154	0.05975623154
1086	0.05975188997	0.05975188997
1087	0.05974835635	0.05974835635
1088	0.05974383039	0.05974383039
1089	0.05974067279	0.05974067279
1090	0.05973686735	0.05973686735
1091	0.05973295724	0.05973295724
1092	0.05973014245	0.05973014245
1093	0.05972592708	0.05972592708
1094	0.05972087217	0.05972087217
1095	0.05971589704	0.05971589704
1096	0.05971056621	0.05971056621
1097	0.05970800553	0.05970800553
1098	0.05970422028	0.05970422028
1099	0.05970009056	0.05970009056
1100	0.05969624988	0.05969624988
1101	0.05969181624	0.05969181624
1102	0.05968849514	0.05968849514
1103	0.05968543199	0.05968543199
1104	0.0596823954	0.0596823954
1105	0.05967934576	0.05967934576
1106	0.05967516372	0.05967516372
1107	0.05967054906	0.05967054906
1108	0.05966629204	0.05966629204
1109	0.059662884	0.059662884
1110	0.05965870292	0.05965870292
1111	0.05965466055	0.05965466055
1112	0.05965055727	0.05965055727
1113	0.05964697297	0.05964697297
1114	0.05964358581	0.05964358581
1115	0.05964052606	0.05964052606
1116	0.05963677288	0.05963677288
1117	0.05963373448	0.05963373448
1118	0.05962978276	0.05962978276
1119	0.05962628285	0.05962628285
1120	0.05962250411	0.05962250411
1121	0.05961893116	0.05961893116
1122	0.05961623019	0.05961623019
1123	0.059611813	0.059611813
1124	0.0596094076	0.0596094076
1125	0.0596059762	0.0596059762
1126	0.05960113177	0.05960113177
1127	0.05959699332	0.05959699332
1128	0.05959239711	0.05959239711
1129	0.05958935837	0.05958935837
1130	0.05958555856	0.05958555856
1131	0.05958189412	0.05958189412
1132	0.05957832343	0.05957832343
1133	0.05957457435	0.05957457435
1134	0.05957174924	0.05957174924
1135	0.05956821329	0.05956821329
1136	0.05956538448	0.05956538448
1137	0.05956153302	0.05956153302
1138	0.05955778615	0.05955778615
1139	0.05955459049	0.05955459049
1140	0.05955018424	0.05955018424
1141	0.0595459884	0.0595459884
1142	0.05954201218	0.05954201218
1143	0.05953810416	0.05953810416
1144	0.0595343542	0.0595343542
1145	0.05953148372	0.05953148372
1146	0.05952802114	0.05952802114
1147	0.05952472741	0.05952472741
1148	0.05952171348	0.05952171348
1149	0.05951903437	0.05951903437
1150	0.05951534416	0.05951534416
1151	0.05951339473	0.05951339473
1152	0.05950999884	0.05950999884
1153	0.05950712157	0.05950712157
1154	0.05950388604	0.05950388604
1155	0.05950123665	0.05950123665
1156	0.05949670081	0.05949670081
1157	0.05949305966	0.05949305966
1158	0.05948912087	0.05948912087
1159	0.05948556729	0.05948556729
1160	0.05948250543	0.05948250543
1161	0.05947896924	0.05947896924
1162	0.05947578611	0.05947578611
1163	0.05947242074	0.05947242074
1164	0.05946935125	0.05946935125
1165	0.05946561823	0.05946561823
1166	0.0594623098	0.0594623098
1167	0.05945881651	0.05945881651
1168	0.05945456272	0.05945456272
1169	0.05945061514	0.05945061514
1170	0.05944563061	0.05944563061
1171	0.05944135721	0.05944135721
1172	0.05943847912	0.05943847912
1173	0.05943496191	0.05943496191
1174	0.05943236865	0.05943236865
1175	0.05942874984	0.05942874984
1176	0.05942617254	0.05942617254
1177	0.05942259737	0.05942259737
1178	0.05941913343	0.05941913343
1179	0.05941658255	0.05941658255
1180	0.05941292811	0.05941292811
1181	0.05940971304	0.05940971304
1182	0.05940519669	0.05940519669
1183	0.05940118355	0.05940118355
1184	0.0593985093	0.0593985093
1185	0.05939375977	0.05939375977
1186	0.05939011785	0.05939011785
1187	0.05938678742	0.05938678742
1188	0.0593838965	0.0593838965
1189	0.05938040866	0.05938040866
1190	0.05937721046	0.05937721046
1191	0.05937417881	0.05937417881
1192	0.05937119343	0.05937119343
1193	0.05936858959	0.05936858959
1194	0.05936518702	0.05936518702
1195	0.05936192585	0.05936192585
1196	0.05935987601	0.05935987601
1197	0.05935737585	0.05935737585
1198	0.0593536394	0.0593536394
1199	0.05935058498	0.05935058498
1200	0.05934813548	0.05934813548
1201	0.05934525112	0.05934525112
1202	0.05934302888	0.05934302888
1203	0.05933938977	0.05933938977
1204	0.05933723802	0.05933723802
1205	0.05933451396	0.05933451396
1206	0.05933193169	0.05933193169
1207	0.05932842147	0.05932842147
1208	0.05932544607	0.05932544607
1209	0.0593231638	0.0593231638
1210	0.05932137189	0.05932137189
1211	0.05931846606	0.05931846606
1212	0.05931546444	0.05931546444
1213	0.05931234583	0.05931234583
1214	0.05930974541	0.05930974541
1215	0.05930728307	0.05930728307
1216	0.05930419491	0.05930419491
1217	0.05930086518	0.05930086518
1218	0.05929771417	0.05929771417
1219	0.0592948246	0.0592948246
1220	0.05929243428	0.05929243428
1221	0.05928908314	0.05928908314
1222	0.05928656206	0.05928656206
1223	0.05928360885	0.05928360885
1224	0.05927990135	0.05927990135
1225	0.05927718944	0.05927718944
1226	0.05927392171	0.05927392171
1227	0.05927173357	0.05927173357
1228	0.05926885601	0.05926885601
1229	0.05926472016	0.05926472016
1230	0.05926111131	0.05926111131
1231	0.05925864241	0.05925864241
1232	0.05925560366	0.05925560366
1233	0.05925234568	0.05925234568
1234	0.05924933362	0.05924933362
1235	0.05924602927	0.05924602927
1236	0.05924318358	0.05924318358
1237	0.05924015925	0.05924015925
1238	0.05923766882	0.05923766882
1239	0.0592342232	0.0592342232
1240	0.05923262532	0.05923262532
1241	0.05923012665	0.05923012665
1242	0.05922704597	0.05922704597
1243	0.05922411978	0.05922411978
1244	0.05922117879	0.05922117879
1245	0.05921902284	0.05921902284
1246	0.05921697945	0.05921697945
1247	0.05921456354	0.05921456354
1248	0.05921245715	0.05921245715
1249	0.05920925817	0.05920925817
1250	0.05920563714	0.05920563714
1251	0.05920267432	0.05920267432
1252	0.05919931338	0.05919931338
1253	0.05919454897	0.05919454897
1254	0.05919220201	0.05919220201
1255	0.05918830846	0.05918830846
1256	0.05918456248	0.05918456248
1257	0.05918079962	0.05918079962
1258	0.05917678047	0.05917678047
1259	0.0591737241	0.0591737241
1260	0.05917001863	0.05917001863
1261	0.05916646428	0.05916646428
1262	0.05916283343	0.05916283343
1263	0.05916007735	0.05916007735
1264	0.05915709373	0.05915709373
1265	0.05915332701	0.05915332701
1266	0.05915047791	0.05915047791
1267	0.05914754493	0.05914754493
1268	0.05914404035	0.05914404035
1269	0.05914092445	0.05914092445
1270	0.05913764643	0.05913764643
1271	0.05913508564	0.05913508564
1272	0.05913147785	0.05913147785
1273	0.05912902923	0.05912902923
1274	0.05912591352	0.05912591352
1275	0.05912303457	0.05912303457
1276	0.05912045521	0.05912045521
1277	0.05911865887	0.05911865887
1278	0.05911507227	0.05911507227
1279	0.05911271307	0.05911271307
1280	0.05911045996	0.05911045996
1281	0.05910802732	0.05910802732
1282	0.05910514256	0.05910514256
1283	0.05910299979	0.05910299979
1284	0.05909995756	0.05909995756
1285	0.05909663613	0.05909663613
1286	0.05909453194	0.05909453194
1287	0.05909195961	0.05909195961
1288	0.05908814694	0.05908814694
1289	0.05908572052	0.05908572052
1290	0.05908241455	0.05908241455
1291	0.05907958741	0.05907958741
1292	0.05907728729	0.05907728729
1293	0.05907480657	0.05907480657
1294	0.05907245013	0.05907245013
1295	0.05906941703	0.05906941703
1296	0.05906808053	0.05906808053
1297	0.05906514804	0.05906514804
1298	0.05906224319	0.05906224319
1299	0.0590597103	0.0590597103
1300	0.05905685955	0.05905685955
1301	0.05905385013	0.05905385013
1302	0.05905098402	0.05905098402
1303	0.05904858661	0.05904858661
1304	0.05904624062	0.05904624062
1305	0.05904355789	0.05904355789
1306	0.05904068507	0.05904068507
1307	0.05903823633	0.05903823633
1308	0.05903615773	0.05903615773
1309	0.05903408	0.05903408
1310	0.05903191731	0.05903191731
1311	0.05902995361	0.05902995361
1312	0.05902701759	0.05902701759
1313	0.05902539044	0.05902539044
1314	0.05902318079	0.05902318079
1315	0.05902068642	0.05902068642
1316	0.05901840575	0.05901840575
1317	0.0590148832	0.0590148832
1318	0.05901271176	0.05901271176
1319	0.05901017339	0.05901017339
1320	0.05900761445	0.05900761445
1321	0.05900489432	0.05900489432
1322	0.05900259285	0.05900259285
1323	0.05899976878	0.05899976878
1324	0.05899719692	0.05899719692
1325	0.05899475734	0.05899475734
1326	0.05899205692	0.05899205692
1327	0.05898918175	0.05898918175
1328	0.05898573831	0.05898573831
1329	0.05898339713	0.05898339713
1330	0.05898074531	0.05898074531
1331	0.05897812956	0.05897812956
1332	0.05897577177	0.05897577177
1333	0.05897377997	0.05897377997
1334	0.05896999782	0.05896999782
1335	0.05896735821	0.05896735821
1336	0.0589640079	0.0589640079
1337	0.05896289745	0.05896289745
1338	0.05896050942	0.05896050942
1339	0.05895798745	0.05895798745
1340	0.05895615557	0.05895615557
1341	0.05895389747	0.05895389747
1342	0.0589511738	0.0589511738
1343	0.05894799482	0.05894799482
1344	0.05894543472	0.05894543472
1345	0.0589425092	0.0589425092
1346	0.05893989365	0.05893989365
1347	0.05893797902	0.05893797902
1348	0.05893623841	0.05893623841
1349	0.0589336314	0.0589336314
1350	0.05893129828	0.05893129828
1351	0.05892755358	0.05892755358
1352	0.05892505773	0.05892505773
1353	0.0589223561	0.0589223561
1354	0.05891923764	0.05891923764
1355	0.05891685255	0.05891685255
1356	0.05891474845	0.05891474845
1357	0.05891313678	0.05891313678
1358	0.05891072289	0.05891072289
1359	0.05890816315	0.05890816315
1360	0.05890523835	0.05890523835
1361	0.05890219546	0.05890219546
1362	0.05890011276	0.05890011276
1363	0.05889717678	0.05889717678
1364	0.05889492639	0.05889492639
1365	0.05889176136	0.05889176136
1366	0.05889028825	0.05889028825
1367	0.05888685652	0.05888685652
1368	0.05888381249	0.05888381249
1369	0.0588815159	0.0588815159
1370	0.05887936991	0.05887936991
1371	0.05887719651	0.05887719651
1372	0.05887501319	0.05887501319
1373	0.0588728225	0.0588728225
1374	0.0588716462	0.0588716462
1375	0.05887031832	0.05887031832
1376	0.05886737563	0.05886737563
1377	0.05886418079	0.05886418079
1378	0.05886188597	0.05886188597
1379	0.05885975037	0.05885975037
1380	0.05885732458	0.05885732458
1381	0.05885417106	0.05885417106
1382	0.05885270038	0.05885270038
1383	0.05884836449	0.05884836449
1384	0.05884666861	0.05884666861
1385	0.05884475017	0.05884475017
1386	0.05884242869	0.05884242869
1387	0.05884064482	0.05884064482
1388	0.05883763956	0.05883763956
1389	0.05883603168	0.05883603168
1390	0.05883454994	0.05883454994
1391	0.05883175157	0.05883175157
1392	0.05882969362	0.05882969362
1393	0.05882799217	0.05882799217
1394	0.05882568025	0.05882568025
1395	0.05882436681	0.05882436681
1396	0.05882238343	0.05882238343
1397	0.0588196703	0.0588196703
1398	0.05881768351	0.05881768351
1399	0.05881607739	0.05881607739
1400	0.05881353255	0.05881353255
1401	0.05881167174	0.05881167174
1402	0.05880866735	0.05880866735
1403	0.05880689375	0.05880689375
1404	0.05880460913	0.05880460913
1405	0.05880158229	0.05880158229
1406	0.05880009675	0.05880009675
1407	0.05879765048	0.05879765048
1408	0.05879584443	0.05879584443
1409	0.05879203706	0.05879203706
1410	0.05878924871	0.05878924871
1411	0.05878729898	0.05878729898
1412	0.05878479528	0.05878479528
1413	0.05878248139	0.05878248139
1414	0.0587805222	0.0587805222
1415	0.05877964377	0.05877964377
1416	0.05877735267	0.05877735267
1417	0.05877490479	0.05877490479
1418	0.05877159308	0.05877159308
1419	0.05876987169	0.05876987169
1420	0.05876681409	0.05876681409
1421	0.05876470096	0.05876470096
1422	0.05876285446	0.05876285446
1423	0.05876011853	0.05876011853
1424	0.0587569118	0.0587569118
1425	0.05875502596	0.05875502596
1426	0.0587529446	0.0587529446
1427	0.05875082934	0.05875082934
1428	0.05874842655	0.05874842655
1429	0.05874520969	0.05874520969
1430	0.05874316289	0.05874316289
1431	0.05874139594	0.05874139594
1432	0.05873969127	0.05873969127
1433	0.05873740143	0.05873740143
1434	0.05873604529	0.05873604529
1435	0.05873212747	0.05873212747
1436	0.05873018195	0.05873018195
1437	0.05872814082	0.05872814082
1438	0.05872623663	0.05872623663
1439	0.05872379511	0.05872379511
1440	0.05872197279	0.05872197279
1441	0.05871926654	0.05871926654
1442	0.0587161041	0.0587161041
1443	0.05871268915	0.05871268915
1444	0.05870879097	0.05870879097
1445	0.05870666759	0.05870666759
1446	0.05870477694	0.05870477694
1447	0.05870299904	0.05870299904
1448	0.05869887778	0.05869887778
1449	0.05869737855	0.05869737855
1450	0.05869510581	0.05869510581
1451	0.05869292092	0.05869292092
1452	0.05869135694	0.05869135694
1453	0.05868966876	0.05868966876
1454	0.05868758746	0.05868758746
1455	0.05868591257	0.05868591257
1456	0.05868461928	0.05868461928
1457	0.05868287532	0.05868287532
1458	0.05868097834	0.05868097834
1459	0.05867853639	0.05867853639
1460	0.05867600995	0.05867600995
1461	0.05867324808	0.05867324808
1462	0.05867017608	0.05867017608
1463	0.05866786215	0.05866786215
1464	0.05866528159	0.05866528159
1465	0.05866370511	0.05866370511
1466	0.05866098959	0.05866098959
1467	0.05865858533	0.05865858533
1468	0.05865561778	0.05865561778
1469	0.05865406154	0.05865406154
1470	0.05865196765	0.05865196765
1471	0.05865041902	0.05865041902
1472	0.0586478538	0.0586478538
1473	0.05864558638	0.05864558638
1474	0.05864408907	0.05864408907
1475	0.05864218566	0.05864218566
1476	0.05863983409	0.05863983409
1477	0.05863757181	0.05863757181
1478	0.05863571106	0.05863571106
1479	0.05863321099	0.05863321099
1480	0.05863113439	0.05863113439
1481	0.05862960497	0.05862960497
1482	0.05862742293	0.05862742293
1483	0.05862621239	0.05862621239
1484	0.05862334307	0.05862334307
1485	0.05862145616	0.05862145616
1486	0.05861980594	0.05861980594
1487	0.05861783301	0.05861783301
1488	0.05861590808	0.05861590808
1489	0.05861451854	0.05861451854
1490	0.05861234936	0.05861234936
1491	0.05860963634	0.05860963634
1492	0.05860800468	0.05860800468
1493	0.05860652852	0.05860652852
1494	0.05860485768	0.05860485768
1495	0.05860189606	0.05860189606
1496	0.05860038673	0.05860038673
1497	0.05859725947	0.05859725947
1498	0.05859523258	0.05859523258
1499	0.05859397074	0.05859397074
1500	0.0585912087	0.0585912087
1501	0.05858967376	0.05858967376
1502	0.05858733151	0.05858733151
1503	0.05858511829	0.05858511829
1504	0.05858321688	0.05858321688
1505	0.05858149602	0.05858149602
1506	0.05857942663	0.05857942663
1507	0.05857731901	0.05857731901
1508	0.05857622854	0.05857622854
1509	0.05857459461	0.05857459461
1510	0.05857264449	0.05857264449
1511	0.05856991868	0.05856991868
1512	0.05856808986	0.05856808986
1513	0.05856691574	0.05856691574
1514	0.05856523404	0.05856523404
1515	0.05856239139	0.05856239139
1516	0.05856017031	0.05856017031
1517	0.05855843983	0.05855843983
1518	0.05855735173	0.05855735173
1519	0.0585549193	0.0585549193
1520	0.05855232048	0.05855232048
1521	0.05854959245	0.05854959245
1522	0.05854741042	0.05854741042
1523	0.05854451828	0.05854451828
1524	0.05854313348	0.05854313348
1525	0.05854061243	0.05854061243
1526	0.05853829172	0.05853829172
1527	0.05853658243	0.05853658243
1528	0.05853479075	0.05853479075
1529	0.05853272787	0.05853272787
1530	0.05853085264	0.05853085264
1531	0.05853022527	0.05853022527
1532	0.05852830324	0.05852830324
1533	0.05852538202	0.05852538202
1534	0.05852363636	0.05852363636
1535	0.05852287397	0.05852287397
1536	0.05852090932	0.05852090932
1537	0.05851903472	0.05851903472
1538	0.05851700783	0.05851700783
1539	0.05851570929	0.05851570929
1540	0.0585135239	0.0585135239
1541	0.05851163089	0.05851163089
1542	0.05850987914	0.05850987914
1543	0.05850848355	0.05850848355
1544	0.05850697969	0.05850697969
1545	0.05850560615	0.05850560615
1546	0.05850342982	0.05850342982
1547	0.05850159147	0.05850159147
1548	0.05849956362	0.05849956362
1549	0.05849803411	0.05849803411
1550	0.05849670509	0.05849670509
1551	0.0584945592	0.0584945592
1552	0.05849224271	0.05849224271
1553	0.05849028661	0.05849028661
1554	0.05848771652	0.05848771652
1555	0.05848666832	0.05848666832
1556	0.05848388461	0.05848388461
1557	0.05848171336	0.05848171336
1558	0.05847973364	0.05847973364
1559	0.05847739418	0.05847739418
1560	0.05847586647	0.05847586647
1561	0.05847434663	0.05847434663
1562	0.05847266323	0.05847266323
1563	0.05847173057	0.05847173057
1564	0.05846937536	0.05846937536
1565	0.05846744549	0.05846744549
1566	0.05846591507	0.05846591507
1567	0.05846426956	0.05846426956
1568	0.05846227798	0.05846227798
1569	0.05846027567	0.05846027567
1570	0.05845852785	0.05845852785
1571	0.05845641617	0.05845641617
1572	0.05845438076	0.05845438076
1573	0.0584525407	0.0584525407
1574	0.05845052473	0.05845052473
1575	0.05844877564	0.05844877564
1576	0.05844680155	0.05844680155
1577	0.05844444624	0.05844444624
1578	0.05844323703	0.05844323703
1579	0.05844110207	0.05844110207
1580	0.05843939829	0.05843939829
1581	0.05843748391	0.05843748391
1582	0.05843592855	0.05843592855
1583	0.05843433623	0.05843433623
1584	0.05843276231	0.05843276231
1585	0.05843065292	0.05843065292
1586	0.05842963821	0.05842963821
1587	0.05842758919	0.05842758919
1588	0.05842568388	0.05842568388
1589	0.05842453271	0.05842453271
1590	0.05842164485	0.05842164485
1591	0.05842048304	0.05842048304
1592	0.058418894	0.058418894
1593	0.05841767818	0.05841767818
1594	0.0584166204	0.0584166204
1595	0.05841425723	0.05841425723
1596	0.05841324689	0.05841324689
1597	0.05841078991	0.05841078991
1598	0.05840914438	0.05840914438
1599	0.05840715617	0.05840715617
1600	0.05840526942	0.05840526942
1601	0.05840290825	0.05840290825
1602	0.05840042048	0.05840042048
1603	0.0583986758	0.0583986758
1604	0.05839772864	0.05839772864
1605	0.05839626549	0.05839626549
1606	0.05839429761	0.05839429761
1607	0.05839253901	0.05839253901
1608	0.05839095717	0.05839095717
1609	0.05838850707	0.05838850707
1610	0.05838667376	0.05838667376
1611	0.058385469	0.058385469
1612	0.05838537984	0.05838537984
1613	0.05838394013	0.05838394013
1614	0.05838272828	0.05838272828
1615	0.05838108671	0.05838108671
1616	0.05837908137	0.05837908137
1617	0.05837778071	0.05837778071
1618	0.05837685513	0.05837685513
1619	0.05837489618	0.05837489618
1620	0.05837372303	0.05837372303
1621	0.05837239556	0.05837239556
1622	0.05837032113	0.05837032113
1623	0.05836860347	0.05836860347
1624	0.05836682665	0.05836682665
1625	0.05836531048	0.05836531048
1626	0.05836286712	0.05836286712
1627	0.05836148259	0.05836148259
1628	0.05835974108	0.05835974108
1629	0.05835751268	0.05835751268
1630	0.05835443862	0.05835443862
1631	0.05835267726	0.05835267726
1632	0.05835044672	0.05835044672
1633	0.0583481026	0.0583481026
1634	0.05834611298	0.05834611298
1635	0.05834454827	0.05834454827
1636	0.05834238735	0.05834238735
1637	0.05834154236	0.05834154236
1638	0.05833928973	0.05833928973
1639	0.05833794263	0.05833794263
1640	0.05833628958	0.05833628958
1641	0.05833543679	0.05833543679
1642	0.0583342754	0.0583342754
1643	0.05833245745	0.05833245745
1644	0.05833053997	0.05833053997
1645	0.0583288888	0.0583288888
1646	0.05832792283	0.05832792283
1647	0.05832678879	0.05832678879
1648	0.05832568124	0.05832568124
1649	0.05832367172	0.05832367172
1650	0.0583225675	0.0583225675
1651	0.0583208062	0.0583208062
1652	0.05831896782	0.05831896782
1653	0.05831752743	0.05831752743
1654	0.05831576521	0.05831576521
1655	0.05831363736	0.05831363736
1656	0.05831240863	0.05831240863
1657	0.05831078988	0.05831078988
1658	0.0583091078	0.0583091078
1659	0.05830799798	0.05830799798
1660	0.05830506975	0.05830506975
1661	0.05830332945	0.05830332945
1662	0.05830162914	0.05830162914
1663	0.05830010784	0.05830010784
1664	0.05829810029	0.05829810029
1665	0.05829720852	0.05829720852
1666	0.05829466392	0.05829466392
1667	0.05829368572	0.05829368572
1668	0.05829209923	0.05829209923
1669	0.05829039007	0.05829039007
1670	0.05828919417	0.05828919417
1671	0.05828764935	0.05828764935
1672	0.05828443455	0.05828443455
1673	0.05828329021	0.05828329021
1674	0.0582815212	0.0582815212
1675	0.05828087648	0.05828087648
1676	0.05827911503	0.05827911503
1677	0.05827795438	0.05827795438
1678	0.05827679081	0.05827679081
1679	0.05827561287	0.05827561287
1680	0.05827297012	0.05827297012
1681	0.05827113929	0.05827113929
1682	0.05826919144	0.05826919144
1683	0.05826772804	0.05826772804
1684	0.05826642343	0.05826642343
1685	0.05826378252	0.05826378252
1686	0.05826238918	0.05826238918
1687	0.05826169912	0.05826169912
1688	0.05825950717	0.05825950717
1689	0.05825825312	0.05825825312
1690	0.05825631142	0.05825631142
1691	0.05825504367	0.05825504367
1692	0.05825357707	0.05825357707
1693	0.05825221525	0.05825221525
1694	0.05825089945	0.05825089945
1695	0.05824962458	0.05824962458
1696	0.05824843857	0.05824843857
1697	0.05824661676	0.05824661676
1698	0.05824470127	0.05824470127
1699	0.05824416507	0.05824416507
1700	0.05824224797	0.05824224797
1701	0.05824072159	0.05824072159
1702	0.0582381588	0.0582381588
1703	0.05823687634	0.05823687634
1704	0.05823542536	0.05823542536
1705	0.05823371839	0.05823371839
1706	0.05823197677	0.05823197677
1707	0.05822981228	0.05822981228
1708	0.05822842217	0.05822842217
1709	0.0582260059	0.0582260059
1710	0.05822379644	0.05822379644
1711	0.05822245057	0.05822245057
1712	0.05822077876	0.05822077876
1713	0.05821969655	0.05821969655
1714	0.05821857415	0.05821857415
1715	0.05821730946	0.05821730946
1716	0.05821558424	0.05821558424
1717	0.05821436474	0.05821436474
1718	0.05821229164	0.05821229164
1719	0.05821033323	0.05821033323
1720	0.05820885572	0.05820885572
1721	0.05820689621	0.05820689621
1722	0.0582059483	0.0582059483
1723	0.05820375161	0.05820375161
1724	0.05820199509	0.05820199509
1725	0.05819981834	0.05819981834
1726	0.0581986157	0.0581986157
1727	0.05819637849	0.05819637849
1728	0.05819417012	0.05819417012
1729	0.05819306091	0.05819306091
1730	0.05819128894	0.05819128894
1731	0.05818939232	0.05818939232
1732	0.0581885899	0.0581885899
1733	0.05818692388	0.05818692388
1734	0.05818499624	0.05818499624
1735	0.05818285757	0.05818285757
1736	0.05817967751	0.05817967751
1737	0.0581773449	0.0581773449
1738	0.05817563272	0.05817563272
1739	0.05817454142	0.05817454142
1740	0.05817292417	0.05817292417
1741	0.05817162077	0.05817162077
1742	0.05817001577	0.05817001577
1743	0.05816921212	0.05816921212
1744	0.05816665993	0.05816665993
1745	0.05816500474	0.05816500474
1746	0.05816345253	0.05816345253
1747	0.05816160549	0.05816160549
1748	0.05816056764	0.05816056764
1749	0.0581585075	0.0581585075
1750	0.05815699096	0.05815699096
1751	0.05815574315	0.05815574315
1752	0.05815405637	0.05815405637
1753	0.05815283603	0.05815283603
1754	0.05815129232	0.05815129232
1755	0.05814970877	0.05814970877
1756	0.05814823416	0.05814823416
1757	0.05814571369	0.05814571369
1758	0.05814448134	0.05814448134
1759	0.05814289454	0.05814289454
1760	0.05814167819	0.05814167819
1761	0.05814006107	0.05814006107
1762	0.05813850989	0.05813850989
1763	0.05813761518	0.05813761518
1764	0.05813630258	0.05813630258
1765	0.05813532334	0.05813532334
1766	0.05813431969	0.05813431969
1767	0.05813262456	0.05813262456
1768	0.0581309648	0.0581309648
1769	0.05812779373	0.05812779373
1770	0.05812649463	0.05812649463
1771	0.05812540053	0.05812540053
1772	0.05812365003	0.05812365003
1773	0.05812246745	0.05812246745
1774	0.05812001512	0.05812001512
1775	0.05811858671	0.05811858671
1776	0.05811652783	0.05811652783
1777	0.05811523303	0.05811523303
1778	0.05811338879	0.05811338879
1779	0.05811274195	0.05811274195
1780	0.05811072924	0.05811072924
1781	0.0581101461	0.0581101461
1782	0.05810925507	0.05810925507
1783	0.05810770172	0.05810770172
1784	0.05810508606	0.05810508606
1785	0.05810357135	0.05810357135
1786	0.0581021045	0.0581021045
1787	0.05810073174	0.05810073174
1788	0.0580991356	0.0580991356
1789	0.05809805153	0.05809805153
1790	0.05809671603	0.05809671603
1791	0.0580957494	0.0580957494
1792	0.05809395262	0.05809395262
1793	0.05809248396	0.05809248396
1794	0.05809096779	0.05809096779
1795	0.05808906979	0.05808906979
1796	0.05808735335	0.05808735335
1797	0.05808585699	0.05808585699
1798	0.05808439472	0.05808439472
1799	0.0580822168	0.0580822168
1800	0.05808101231	0.05808101231
1801	0.05807992258	0.05807992258
1802	0.05807752893	0.05807752893
1803	0.05807638859	0.05807638859
1804	0.05807544718	0.05807544718
1805	0.05807311004	0.05807311004
1806	0.05807208482	0.05807208482
1807	0.05807038232	0.05807038232
1808	0.05806876575	0.05806876575
1809	0.05806725331	0.05806725331
1810	0.05806438405	0.05806438405
1811	0.05806275783	0.05806275783
1812	0.05806148408	0.05806148408
1813	0.05806014316	0.05806014316
1814	0.0580587815	0.0580587815
1815	0.05805701249	0.05805701249
1816	0.05805542902	0.05805542902
1817	0.0580532012	0.0580532012
1818	0.05805110824	0.05805110824
1819	0.05804953136	0.05804953136
1820	0.0580480512	0.0580480512
1821	0.05804715501	0.05804715501
1822	0.05804596464	0.05804596464
1823	0.05804489446	0.05804489446
1824	0.05804356235	0.05804356235
1825	0.05804284312	0.05804284312
1826	0.05804184263	0.05804184263
1827	0.05804056257	0.05804056257
1828	0.05803902634	0.05803902634
1829	0.05803752011	0.05803752011
1830	0.05803659499	0.05803659499
1831	0.05803519785	0.05803519785
1832	0.05803315333	0.05803315333
1833	0.05803165277	0.05803165277
1834	0.05803063037	0.05803063037
1835	0.05802919442	0.05802919442
1836	0.05802702074	0.05802702074
1837	0.05802582297	0.05802582297
1838	0.05802458945	0.05802458945
1839	0.05802364223	0.05802364223
1840	0.05802287012	0.05802287012
1841	0.05802234514	0.05802234514
1842	0.05801880481	0.05801880481
1843	0.05801795093	0.05801795093
1844	0.05801661544	0.05801661544
1845	0.05801511112	0.05801511112
1846	0.05801373782	0.05801373782
1847	0.05801243025	0.05801243025
1848	0.05801154196	0.05801154196
1849	0.05801062102	0.05801062102
1850	0.05800888352	0.05800888352
1851	0.05800731923	0.05800731923
1852	0.05800639847	0.05800639847
1853	0.05800510817	0.05800510817
1854	0.05800394146	0.05800394146
1855	0.05800191314	0.05800191314
1856	0.05799955285	0.05799955285
1857	0.05799784148	0.05799784148
1858	0.05799633911	0.05799633911
1859	0.05799491301	0.05799491301
1860	0.05799384612	0.05799384612
1861	0.05799268846	0.05799268846
1862	0.05799164591	0.05799164591
1863	0.05799120058	0.05799120058
1864	0.05799024938	0.05799024938
1865	0.05798943386	0.05798943386
1866	0.05798789762	0.05798789762
1867	0.05798637575	0.05798637575
1868	0.05798494721	0.05798494721
1869	0.05798351862	0.05798351862
1870	0.05798259063	0.05798259063
1871	0.05798153342	0.05798153342
1872	0.05798018779	0.05798018779
1873	0.05797888886	0.05797888886
1874	0.05797769181	0.05797769181
1875	0.0579767776	0.0579767776
1876	0.05797537852	0.05797537852
1877	0.05797418048	0.05797418048
1878	0.05797125084	0.05797125084
1879	0.05796958406	0.05796958406
1880	0.05796869883	0.05796869883
1881	0.0579677437	0.0579677437
1882	0.05796656269	0.05796656269
1883	0.05796491329	0.05796491329
1884	0.05796375104	0.05796375104
1885	0.05796263169	0.05796263169
1886	0.0579607843	0.0579607843
1887	0.05795879656	0.05795879656
1888	0.05795756298	0.05795756298
1889	0.05795575503	0.05795575503
1890	0.05795437501	0.05795437501
1891	0.0579531252	0.0579531252
1892	0.05795159156	0.05795159156
1893	0.05795001288	0.05795001288
1894	0.05794864963	0.05794864963
1895	0.05794703206	0.05794703206
1896	0.0579461979	0.0579461979
1897	0.05794613035	0.05794613035
1898	0.05794386252	0.05794386252
1899	0.05794259384	0.05794259384
1900	0.05794180107	0.05794180107
1901	0.05794013363	0.05794013363
1902	0.05793909828	0.05793909828
1903	0.05793658781	0.05793658781
1904	0.05793548808	0.05793548808
1905	0.05793451992	0.05793451992
1906	0.05793351195	0.05793351195
1907	0.05793205435	0.05793205435
1908	0.05793036903	0.05793036903
1909	0.05792913467	0.05792913467
1910	0.05792763875	0.05792763875
1911	0.05792556326	0.05792556326
1912	0.05792423212	0.05792423212
1913	0.05792307012	0.05792307012
1914	0.05792202068	0.05792202068
1915	0.05792053599	0.05792053599
1916	0.05791912615	0.05791912615
1917	0.05791860425	0.05791860425
1918	0.05791682135	0.05791682135
1919	0.05791566739	0.05791566739
1920	0.05791470354	0.05791470354
1921	0.05791396062	0.05791396062
1922	0.05791274609	0.05791274609
1923	0.05791142352	0.05791142352
1924	0.05790996608	0.05790996608
1925	0.05790869998	0.05790869998
1926	0.05790665174	0.05790665174
1927	0.05790581205	0.05790581205
1928	0.05790458058	0.05790458058
1929	0.05790311546	0.05790311546
1930	0.05790192813	0.05790192813
1931	0.05790068742	0.05790068742
1932	0.05789927488	0.05789927488
1933	0.05789727076	0.05789727076
1934	0.05789463069	0.05789463069
1935	0.05789272712	0.05789272712
1936	0.05789193916	0.05789193916
1937	0.0578911312	0.0578911312
1938	0.0578899205	0.0578899205
1939	0.05788861945	0.05788861945
1940	0.05788597848	0.05788597848
1941	0.05788440017	0.05788440017
1942	0.0578829771	0.0578829771
1943	0.05788106176	0.05788106176
1944	0.05787967955	0.05787967955
1945	0.05787774143	0.05787774143
1946	0.05787677778	0.05787677778
1947	0.05787576717	0.05787576717
1948	0.05787430723	0.05787430723
1949	0.05787336551	0.05787336551
1950	0.05787156497	0.05787156497
1951	0.05786852957	0.05786852957
1952	0.05786762677	0.05786762677
1953	0.05786623268	0.05786623268
1954	0.05786477528	0.05786477528
1955	0.05786396623	0.05786396623
1956	0.05786270052	0.05786270052
1957	0.0578614988	0.0578614988
1958	0.05786009386	0.05786009386
1959	0.05785786436	0.05785786436
1960	0.05785554274	0.05785554274
1961	0.05785349083	0.05785349083
1962	0.05785192256	0.05785192256
1963	0.05785045167	0.05785045167
1964	0.05784933673	0.05784933673
1965	0.05784838853	0.05784838853
1966	0.05784721179	0.05784721179
1967	0.05784590632	0.05784590632
1968	0.05784539901	0.05784539901
1969	0.05784389989	0.05784389989
1970	0.05784254055	0.05784254055
1971	0.0578413022	0.0578413022
1972	0.05784076773	0.05784076773
1973	0.05783950429	0.05783950429
1974	0.05783876767	0.05783876767
1975	0.05783729139	0.05783729139
1976	0.05783590176	0.05783590176
1977	0.05783492253	0.05783492253
1978	0.05783439188	0.05783439188
1979	0.05783307246	0.05783307246
1980	0.05783164381	0.05783164381
1981	0.0578303209	0.0578303209
1982	0.05782951027	0.05782951027
1983	0.05782792666	0.05782792666
1984	0.05782614296	0.05782614296
1985	0.0578249819	0.0578249819
1986	0.05782403215	0.05782403215
1987	0.05782269196	0.05782269196
1988	0.05782158847	0.05782158847
1989	0.05781983344	0.05781983344
1990	0.05781890047	0.05781890047
1991	0.05781812653	0.05781812653
1992	0.05781673027	0.05781673027
1993	0.0578157116	0.0578157116
1994	0.05781438939	0.05781438939
1995	0.05781303806	0.05781303806
1996	0.05781208095	0.05781208095
1997	0.05781079674	0.05781079674
1998	0.05780883625	0.05780883625
1999	0.05780761252	0.05780761252
2000	0.05780635446	0.05780635446
2001	0.05780486918	0.05780486918
2002	0.05780355773	0.05780355773
2003	0.05780290337	0.05780290337
2004	0.05780133365	0.05780133365
2005	0.05780052244	0.05780052244
2006	0.05779814072	0.05779814072
2007	0.05779722566	0.05779722566
2008	0.05779618347	0.05779618347
2009	0.05779545176	0.05779545176
2010	0.05779428844	0.05779428844
2011	0.05779191602	0.05779191602
2012	0.05779096358	0.05779096358
2013	0.0577897185	0.0577897185
2014	0.05778859475	0.05778859475
2015	0.0577871732	0.0577871732
2016	0.05778601437	0.05778601437
2017	0.05778487887	0.05778487887
2018	0.05778332679	0.05778332679
2019	0.05778171081	0.05778171081
2020	0.0577804076	0.0577804076
2021	0.05777908834	0.05777908834
2022	0.0577778564	0.0577778564
2023	0.05777592777	0.05777592777
2024	0.05777469927	0.05777469927
2025	0.05777342775	0.05777342775
2026	0.05777259087	0.05777259087
2027	0.05777155736	0.05777155736
2028	0.05777075914	0.05777075914
2029	0.05776976776	0.05776976776
2030	0.05776818019	0.05776818019
2031	0.05776690558	0.05776690558
2032	0.05776561806	0.05776561806
2033	0.05776420886	0.05776420886
2034	0.05776374033	0.05776374033
2035	0.05776203055	0.05776203055
2036	0.05776111864	0.05776111864
2037	0.05776027718	0.05776027718
2038	0.05775913011	0.05775913011
2039	0.05775820846	0.05775820846
2040	0.05775666624	0.05775666624
2041	0.05775551529	0.05775551529
2042	0.05775461016	0.05775461016
2043	0.05775373927	0.05775373927
2044	0.05775251079	0.05775251079
2045	0.05775154154	0.05775154154
2046	0.05774993079	0.05774993079
2047	0.05774841001	0.05774841001
2048	0.05774719897	0.05774719897
2049	0.05774571166	0.05774571166
2050	0.05774438563	0.05774438563
2051	0.05774336171	0.05774336171
2052	0.05774110703	0.05774110703
2053	0.05773871689	0.05773871689
2054	0.05773709441	0.05773709441
2055	0.05773531894	0.05773531894
2056	0.05773416582	0.05773416582
2057	0.05773271494	0.05773271494
2058	0.05773132381	0.05773132381
2059	0.05773078081	0.05773078081
2060	0.0577294135	0.0577294135
2061	0.05772799306	0.05772799306
2062	0.05772751309	0.05772751309
2063	0.05772648275	0.05772648275
2064	0.05772542439	0.05772542439
2065	0.05772412991	0.05772412991
2066	0.05772304176	0.05772304176
2067	0.05772066011	0.05772066011
2068	0.05771941667	0.05771941667
2069	0.05771841952	0.05771841952
2070	0.05771722057	0.05771722057
2071	0.0577160556	0.0577160556
2072	0.05771525628	0.05771525628
2073	0.05771377789	0.05771377789
2074	0.05771254954	0.05771254954
2075	0.05771152679	0.05771152679
2076	0.05770941557	0.05770941557
2077	0.05770766161	0.05770766161
2078	0.05770657433	0.05770657433
2079	0.0577053845	0.0577053845
2080	0.05770472898	0.05770472898
2081	0.05770359775	0.05770359775
2082	0.05770307333	0.05770307333
2083	0.05770148311	0.05770148311
2084	0.05769996496	0.05769996496
2085	0.05769866308	0.05769866308
2086	0.05769750939	0.05769750939
2087	0.05769661101	0.05769661101
2088	0.05769483918	0.05769483918
2089	0.05769386618	0.05769386618
2090	0.05769282749	0.05769282749
2091	0.05769074784	0.05769074784
2092	0.05769001801	0.05769001801
2093	0.05768916792	0.05768916792
2094	0.05768734998	0.05768734998
2095	0.05768652003	0.05768652003
2096	0.05768575038	0.05768575038
2097	0.05768248171	0.05768248171
2098	0.05768109912	0.05768109912
2099	0.0576795717	0.0576795717
2100	0.05767821266	0.05767821266
2101	0.05767684252	0.05767684252
2102	0.05767570372	0.05767570372
2103	0.05767459396	0.05767459396
2104	0.05767317544	0.05767317544
2105	0.05767229362	0.05767229362
2106	0.05767065862	0.05767065862
2107	0.05766968476	0.05766968476
2108	0.0576683625	0.0576683625
2109	0.05766588445	0.05766588445
2110	0.05766465486	0.05766465486
2111	0.05766340229	0.05766340229
2112	0.057662269	0.057662269
2113	0.05766111104	0.05766111104
2114	0.05765880354	0.05765880354
2115	0.0576566557	0.0576566557
2116	0.05765571368	0.05765571368
2117	0.05765488493	0.05765488493
2118	0.05765401284	0.05765401284
2119	0.05765324037	0.05765324037
2120	0.05765173961	0.05765173961
2121	0.05764994065	0.05764994065
2122	0.05764865733	0.05764865733
2123	0.0576468152	0.0576468152
2124	0.05764612949	0.05764612949
2125	0.05764412996	0.05764412996
2126	0.05764289938	0.05764289938
2127	0.05764126704	0.05764126704
2128	0.05764031301	0.05764031301
2129	0.05763814487	0.05763814487
2130	0.05763707107	0.05763707107
2131	0.05763503677	0.05763503677
2132	0.05763389863	0.05763389863
2133	0.05763297131	0.05763297131
2134	0.05763133298	0.05763133298
2135	0.05763019911	0.05763019911
2136	0.05762935767	0.05762935767
2137	0.05762805572	0.05762805572
2138	0.05762586985	0.05762586985
2139	0.05762480244	0.05762480244
2140	0.05762397835	0.05762397835
2141	0.05762280788	0.05762280788
2142	0.05762098787	0.05762098787
2143	0.05761995598	0.05761995598
2144	0.0576187924	0.0576187924
2145	0.05761700256	0.05761700256
2146	0.05761515393	0.05761515393
2147	0.05761446975	0.05761446975
2148	0.05761310855	0.05761310855
2149	0.05761103754	0.05761103754
2150	0.05760991164	0.05760991164
2151	0.05760870693	0.05760870693
2152	0.0576071151	0.0576071151
2153	0.05760591767	0.05760591767
2154	0.05760417338	0.05760417338
2155	0.0576032015	0.0576032015
2156	0.0576024182	0.0576024182
2157	0.05760087098	0.05760087098
2158	0.05759983287	0.05759983287
2159	0.05759859972	0.05759859972
2160	0.05759765122	0.05759765122
2161	0.05759651095	0.05759651095
2162	0.05759537738	0.05759537738
2163	0.05759423384	0.05759423384
2164	0.05759333296	0.05759333296
2165	0.05759144134	0.05759144134
2166	0.05759105462	0.05759105462
2167	0.05759014625	0.05759014625
2168	0.05758880534	0.05758880534
2169	0.05758714479	0.05758714479
2170	0.05758534241	0.05758534241
2171	0.05758420825	0.05758420825
2172	0.05758295551	0.05758295551
2173	0.05758203409	0.05758203409
2174	0.05757957774	0.05757957774
2175	0.05757898494	0.05757898494
2176	0.05757757552	0.05757757552
2177	0.05757633548	0.05757633548
2178	0.05757456885	0.05757456885
2179	0.05757371112	0.05757371112
2180	0.05757324589	0.05757324589
2181	0.05757093657	0.05757093657
2182	0.05756984863	0.05756984863
2183	0.05756865476	0.05756865476
2184	0.05756708575	0.05756708575
2185	0.05756635116	0.05756635116
2186	0.05756426106	0.05756426106
2187	0.0575633311	0.0575633311
2188	0.05756177402	0.05756177402
2189	0.05756059646	0.05756059646
2190	0.05755978854	0.05755978854
2191	0.05755872266	0.05755872266
2192	0.05755690503	0.05755690503
2193	0.05755554486	0.05755554486
2194	0.05755486899	0.05755486899
2195	0.05755372686	0.05755372686
2196	0.05755264726	0.05755264726
2197	0.05755168947	0.05755168947
2198	0.05755054258	0.05755054258
2199	0.05754986112	0.05754986112
2200	0.05754895751	0.05754895751
2201	0.05754799909	0.05754799909
2202	0.05754741137	0.05754741137
2203	0.0575461433	0.0575461433
2204	0.05754503906	0.05754503906
2205	0.05754420214	0.05754420214
2206	0.05754300024	0.05754300024
2207	0.05754216913	0.05754216913
2208	0.0575408705	0.0575408705
2209	0.05753995018	0.05753995018
2210	0.05753880779	0.05753880779
2211	0.0575380135	0.0575380135
2212	0.05753714062	0.05753714062
2213	0.0575355259	0.0575355259
2214	0.05753434885	0.05753434885
2215	0.057533026	0.057533026
2216	0.05753220229	0.05753220229
2217	0.0575313718	0.0575313718
2218	0.05753052521	0.05753052521
2219	0.05752960017	0.05752960017
2220	0.05752787519	0.05752787519
2221	0.05752670518	0.05752670518
2222	0.05752566629	0.05752566629
2223	0.05752477972	0.05752477972
2224	0.05752327996	0.05752327996
2225	0.05752223522	0.05752223522
2226	0.05752110452	0.05752110452
2227	0.05752007514	0.05752007514
2228	0.05751895047	0.05751895047
2229	0.05751774792	0.05751774792
2230	0.05751671821	0.05751671821
2231	0.05751600214	0.05751600214
2232	0.05751490345	0.05751490345
2233	0.05751451141	0.05751451141
2234	0.05751332746	0.05751332746
2235	0.05751261122	0.05751261122
2236	0.05751191673	0.05751191673
2237	0.05751098853	0.05751098853
2238	0.05750982181	0.05750982181
2239	0.05750891957	0.05750891957
2240	0.057508214	0.057508214
2241	0.05750631362	0.05750631362
2242	0.05750524109	0.05750524109
2243	0.05750366881	0.05750366881
2244	0.05750177254	0.05750177254
2245	0.05749964829	0.05749964829
2246	0.05749800671	0.05749800671
2247	0.0574969956	0.0574969956
2248	0.05749449365	0.05749449365
2249	0.05749330881	0.05749330881
2250	0.05749235125	0.05749235125
2251	0.05749138618	0.05749138618
2252	0.05748996863	0.05748996863
2253	0.05748872302	0.05748872302
2254	0.05748682653	0.05748682653
2255	0.05748592394	0.05748592394
2256	0.05748474269	0.05748474269
2257	0.05748347567	0.05748347567
2258	0.05748249263	0.05748249263
2259	0.05748147573	0.05748147573
2260	0.05748040521	0.05748040521
2261	0.05747964786	0.05747964786
2262	0.05747863032	0.05747863032
2263	0.05747770402	0.05747770402
2264	0.05747579016	0.05747579016
2265	0.05747472959	0.05747472959
2266	0.05747353404	0.05747353404
2267	0.05747264124	0.05747264124
2268	0.05747097018	0.05747097018
2269	0.0574701727	0.0574701727
2270	0.05746955353	0.05746955353
2271	0.05746867187	0.05746867187
2272	0.05746668912	0.05746668912
2273	0.05746528879	0.05746528879
2274	0.05746445102	0.05746445102
2275	0.05746336984	0.05746336984
2276	0.05746286626	0.05746286626
2277	0.05746163239	0.05746163239
2278	0.05746085322	0.05746085322
2279	0.05745853085	0.05745853085
2280	0.0574575949	0.0574575949
2281	0.05745649928	0.05745649928
2282	0.05745611171	0.05745611171
2283	0.05745563645	0.05745563645
2284	0.0574541125	0.0574541125
2285	0.05745224191	0.05745224191
2286	0.05745092233	0.05745092233
2287	0.057449925	0.057449925
2288	0.05744889452	0.05744889452
2289	0.05744811277	0.05744811277
2290	0.05744712136	0.05744712136
2291	0.05744602875	0.05744602875
2292	0.05744475967	0.05744475967
2293	0.05744332861	0.05744332861
2294	0.05744255923	0.05744255923
2295	0.05744205577	0.05744205577
2296	0.05744043322	0.05744043322
2297	0.0574394824	0.0574394824
2298	0.05743853048	0.05743853048
2299	0.057437317	0.057437317
2300	0.05743606605	0.05743606605
2301	0.05743490669	0.05743490669
2302	0.05743386283	0.05743386283
2303	0.05743304539	0.05743304539
2304	0.05743240702	0.05743240702
2305	0.05743112141	0.05743112141
2306	0.05742902147	0.05742902147
2307	0.05742770941	0.05742770941
2308	0.05742703795	0.05742703795
2309	0.05742568033	0.05742568033
2310	0.05742477048	0.05742477048
2311	0.0574240516	0.0574240516
2312	0.05742342604	0.05742342604
2313	0.0574219915	0.0574219915
2314	0.05742118999	0.05742118999
2315	0.05741939337	0.05741939337
2316	0.05741882899	0.05741882899
2317	0.05741797039	0.05741797039
2318	0.05741704276	0.05741704276
2319	0.05741620069	0.05741620069
2320	0.05741412222	0.05741412222
2321	0.05741300741	0.05741300741
2322	0.05741184409	0.05741184409
2323	0.05741091297	0.05741091297
2324	0.05740858501	0.05740858501
2325	0.05740760616	0.05740760616
2326	0.05740662766	0.05740662766
2327	0.05740538241	0.05740538241
2328	0.05740476538	0.05740476538
2329	0.05740363588	0.05740363588
2330	0.05740289944	0.05740289944
2331	0.05740127064	0.05740127064
2332	0.05739963298	0.05739963298
2333	0.05739899764	0.05739899764
2334	0.05739800087	0.05739800087
2335	0.0573971788	0.0573971788
